{"cameraMode":{"drawMode":0,"name":"Shaded","section":"Shading Mode"},"sceneLighting":false,"audioPlay":false,"sceneViewState":{"showFog":true,"showMaterialUpdate":false,"showSkybox":false,"showFlares":true,"showImageEffects":true,"showParticleSystems":true,"showVisualEffectGraphs":true,"m_FxEnabled":true},"in2DMode":false,"pivot":{"x":-1.366811752319336,"y":1.1560076475143433,"z":8.563697814941407},"rotation":{"x":0.0028132342267781498,"y":-0.9972905516624451,"z":0.07430191338062287,"w":-0.04530356451869011},"size":2.746765613555908,"orthographic":false}