{"cameraMode":{"drawMode":0,"name":"Shaded","section":"Shading Mode"},"sceneLighting":false,"audioPlay":false,"sceneViewState":{"showFog":true,"showMaterialUpdate":false,"showSkybox":false,"showFlares":true,"showImageEffects":true,"showParticleSystems":true,"showVisualEffectGraphs":true,"m_FxEnabled":true},"in2DMode":false,"pivot":{"x":2.6401255130767824,"y":1.3996241092681885,"z":2.1367053985595705},"rotation":{"x":0.07508222758769989,"y":-0.8463335037231445,"z":0.13808795809745789,"w":0.5112404227256775},"size":0.3247448801994324,"orthographic":false}