{"cameraMode":{"drawMode":0,"name":"Shaded","section":"Shading Mode"},"sceneLighting":false,"audioPlay":false,"sceneViewState":{"showFog":true,"showMaterialUpdate":false,"showSkybox":false,"showFlares":true,"showImageEffects":true,"showParticleSystems":true,"showVisualEffectGraphs":true,"m_FxEnabled":true},"in2DMode":false,"pivot":{"x":0.09849989414215088,"y":0.1422896385192871,"z":-0.12207156419754029},"rotation":{"x":-0.058255746960639957,"y":-0.9492043256759644,"z":0.2020447850227356,"w":-0.23905538022518159},"size":0.3247448801994324,"orthographic":false}