{"cameraMode":{"drawMode":0,"name":"Shaded","section":"Shading Mode"},"sceneLighting":false,"audioPlay":false,"sceneViewState":{"showFog":true,"showMaterialUpdate":false,"showSkybox":false,"showFlares":true,"showImageEffects":true,"showParticleSystems":true,"showVisualEffectGraphs":true,"m_FxEnabled":true},"in2DMode":false,"pivot":{"x":-0.26122725009918215,"y":0.43297985196113589,"z":0.3178457021713257},"rotation":{"x":0.021577993407845498,"y":-0.9234306216239929,"z":0.07222625613212586,"w":0.37941691279411318},"size":0.3247448801994324,"orthographic":false}