{"cameraMode":{"drawMode":0,"name":"Shaded","section":"Shading Mode"},"sceneLighting":false,"audioPlay":false,"sceneViewState":{"showFog":true,"showMaterialUpdate":false,"showSkybox":false,"showFlares":true,"showImageEffects":true,"showParticleSystems":true,"showVisualEffectGraphs":true,"m_FxEnabled":true},"in2DMode":false,"pivot":{"x":-2.1588969230651857,"y":0.7350878715515137,"z":1.6783548593521119},"rotation":{"x":0.06945059448480606,"y":-0.7623367309570313,"z":0.08485101908445358,"w":0.6385897397994995},"size":0.8660253882408142,"orthographic":false}