{"cameraMode":{"drawMode":0,"name":"Shaded","section":"Shading Mode"},"sceneLighting":false,"audioPlay":false,"sceneViewState":{"showFog":true,"showMaterialUpdate":false,"showSkybox":true,"showFlares":true,"showImageEffects":true,"showParticleSystems":true,"showVisualEffectGraphs":true,"m_FxEnabled":true},"in2DMode":false,"pivot":{"x":0.05663871765136719,"y":-11.961921691894532,"z":-19.60593605041504},"rotation":{"x":-0.08086731284856796,"y":0.9235942363739014,"z":-0.30284935235977175,"w":-0.22294828295707704},"size":13.022601127624512,"orthographic":false}