{"cameraMode":{"drawMode":0,"name":"Shaded","section":"Shading Mode"},"sceneLighting":true,"audioPlay":false,"sceneViewState":{"showFog":true,"showMaterialUpdate":false,"showSkybox":true,"showFlares":true,"showImageEffects":true,"showParticleSystems":true,"showVisualEffectGraphs":true,"m_FxEnabled":true},"in2DMode":false,"pivot":{"x":6.8808488845825199,"y":0.7605626583099365,"z":-12.645811080932618},"rotation":{"x":-0.13143470883369447,"y":0.8776776790618897,"z":-0.31572839617729189,"w":-0.33870336413383486},"size":1.792604923248291,"orthographic":false}