{"cameraMode":{"drawMode":0,"name":"Shaded","section":"Shading Mode"},"sceneLighting":false,"audioPlay":false,"sceneViewState":{"showFog":true,"showMaterialUpdate":false,"showSkybox":true,"showFlares":true,"showImageEffects":true,"showParticleSystems":true,"showVisualEffectGraphs":true,"m_FxEnabled":true},"in2DMode":false,"pivot":{"x":6.818689823150635,"y":2.674668550491333,"z":-16.882944107055665},"rotation":{"x":0.37941887974739077,"y":0.016798384487628938,"z":0.012513687834143639,"w":0.9264469146728516},"size":2.1073408126831056,"orthographic":false}