{"cameraMode":{"drawMode":0,"name":"Shaded","section":"Shading Mode"},"sceneLighting":false,"audioPlay":false,"sceneViewState":{"showFog":true,"showMaterialUpdate":false,"showSkybox":false,"showFlares":true,"showImageEffects":true,"showParticleSystems":true,"showVisualEffectGraphs":true,"m_FxEnabled":true},"in2DMode":false,"pivot":{"x":-1.2100000381469727,"y":1.0299999713897706,"z":1.5299999713897706},"rotation":{"x":-0.005029177758842707,"y":-0.9914653897285461,"z":0.12438900023698807,"w":-0.039568446576595309},"size":0.8660253882408142,"orthographic":false}