{"cameraMode":{"drawMode":0,"name":"Shaded","section":"Shading Mode"},"sceneLighting":false,"audioPlay":false,"sceneViewState":{"showFog":true,"showMaterialUpdate":false,"showSkybox":false,"showFlares":true,"showImageEffects":true,"showParticleSystems":true,"showVisualEffectGraphs":true,"m_FxEnabled":true},"in2DMode":false,"pivot":{"x":0.4540645480155945,"y":0.3472064435482025,"z":0.00869032647460699},"rotation":{"x":0.17531166970729829,"y":-0.6452993154525757,"z":0.1870444416999817,"w":0.7216387391090393},"size":0.44270557165145876,"orthographic":false}