{"cameraMode":{"drawMode":0,"name":"Shaded","section":"Shading Mode"},"sceneLighting":false,"audioPlay":false,"sceneViewState":{"showFog":true,"showMaterialUpdate":false,"showSkybox":false,"showFlares":true,"showImageEffects":true,"showParticleSystems":true,"showVisualEffectGraphs":true,"m_FxEnabled":true},"in2DMode":false,"pivot":{"x":1.2481926679611207,"y":1.9846066236495972,"z":-0.6310997009277344},"rotation":{"x":0.020440688356757165,"y":-0.9749957323074341,"z":0.16476210951805116,"w":0.15572385489940644},"size":2.3742358684539797,"orthographic":false}