{"cameraMode":{"drawMode":0,"name":"Shaded","section":"Shading Mode"},"sceneLighting":false,"audioPlay":false,"sceneViewState":{"showFog":true,"showMaterialUpdate":false,"showSkybox":false,"showFlares":true,"showImageEffects":true,"showParticleSystems":true,"showVisualEffectGraphs":true,"m_FxEnabled":true},"in2DMode":false,"pivot":{"x":50.81294250488281,"y":326.64288330078127,"z":102.99727630615235},"rotation":{"x":0.017669256776571275,"y":0.9884404540061951,"z":-0.15483534336090089,"w":-0.03956298157572746},"size":1.5819989442825318,"orthographic":false}