{"cameraMode":{"drawMode":0,"name":"Shaded","section":"Shading Mode"},"sceneLighting":false,"audioPlay":false,"sceneViewState":{"showFog":true,"showMaterialUpdate":false,"showSkybox":false,"showFlares":true,"showImageEffects":true,"showParticleSystems":true,"showVisualEffectGraphs":true,"m_FxEnabled":true},"in2DMode":false,"pivot":{"x":0.08481991291046143,"y":0.8571967482566834,"z":-0.5062129497528076},"rotation":{"x":-0.004677764140069485,"y":0.9906850457191467,"z":-0.1318887323141098,"w":-0.042546480894088748},"size":1.307286024093628,"orthographic":false}