{"cameraMode":{"drawMode":0,"name":"Shaded","section":"Shading Mode"},"sceneLighting":false,"audioPlay":false,"sceneViewState":{"showFog":true,"showMaterialUpdate":false,"showSkybox":false,"showFlares":true,"showImageEffects":true,"showParticleSystems":true,"showVisualEffectGraphs":true,"m_FxEnabled":true},"in2DMode":false,"pivot":{"x":-2.0768232345581056,"y":-3.573437452316284,"z":21.812206268310548},"rotation":{"x":0.0806552916765213,"y":-0.044816914945840839,"z":0.009585791267454625,"w":0.9969035983085632},"size":11.411661148071289,"orthographic":false}