{"cameraMode":{"drawMode":0,"name":"Shaded","section":"Shading Mode"},"sceneLighting":true,"audioPlay":false,"sceneViewState":{"showFog":true,"showMaterialUpdate":false,"showSkybox":true,"showFlares":true,"showImageEffects":true,"showParticleSystems":true,"showVisualEffectGraphs":true,"m_FxEnabled":true},"in2DMode":false,"pivot":{"x":24.21465492248535,"y":2.2835164070129396,"z":-41.91306686401367},"rotation":{"x":0.05280522629618645,"y":-0.9414834976196289,"z":0.28678247332572939,"w":0.17084656655788423},"size":2.9961326122283937,"orthographic":false}