{"cameraMode":{"drawMode":0,"name":"Shaded","section":"Shading Mode"},"sceneLighting":false,"audioPlay":false,"sceneViewState":{"showFog":true,"showMaterialUpdate":false,"showSkybox":true,"showFlares":true,"showImageEffects":true,"showParticleSystems":true,"showVisualEffectGraphs":true,"m_FxEnabled":true},"in2DMode":false,"pivot":{"x":-12.074849128723145,"y":23.378643035888673,"z":172.67877197265626},"rotation":{"x":0.008386820554733277,"y":0.9873633980751038,"z":-0.14806318283081056,"w":0.06048941984772682},"size":1.672974705696106,"orthographic":false}