{"cameraMode":{"drawMode":0,"name":"Shaded","section":"Shading Mode"},"sceneLighting":false,"audioPlay":false,"sceneViewState":{"showFog":true,"showMaterialUpdate":false,"showSkybox":false,"showFlares":true,"showImageEffects":true,"showParticleSystems":true,"showVisualEffectGraphs":true,"m_FxEnabled":true},"in2DMode":false,"pivot":{"x":0.3094894587993622,"y":0.43210291862487795,"z":0.3226384222507477},"rotation":{"x":-0.014411957934498787,"y":-0.9223021864891052,"z":0.3850606083869934,"w":-0.05389006808400154},"size":0.17320498824119569,"orthographic":false}