{"cameraMode":{"drawMode":0,"name":"Shaded","section":"Shading Mode"},"sceneLighting":false,"audioPlay":false,"sceneViewState":{"showFog":true,"showMaterialUpdate":true,"showSkybox":true,"showFlares":true,"showImageEffects":true,"showParticleSystems":true},"in2DMode":false,"pivot":{"x":-57.55271911621094,"y":-24.49370765686035,"z":9.520166397094727},"rotation":{"x":-0.1520174890756607,"y":0.5850346088409424,"z":-0.10414998233318329,"w":-0.7905831336975098},"size":37.58360290527344,"orthographic":false}