{"cameraMode":{"drawMode":0,"name":"Shaded","section":"Shading Mode"},"sceneLighting":false,"audioPlay":false,"sceneViewState":{"showFog":true,"showMaterialUpdate":false,"showSkybox":false,"showFlares":true,"showImageEffects":true,"showParticleSystems":true,"showVisualEffectGraphs":true,"m_FxEnabled":true},"in2DMode":false,"pivot":{"x":-0.04620486497879028,"y":0.9864647388458252,"z":-0.060996681451797488},"rotation":{"x":-0.18141454458236695,"y":0.8113695979118347,"z":-0.3626742660999298,"w":-0.42372390627861025},"size":1.0883492231369019,"orthographic":false}